engine_id;game_id
43;1
43;2
6;3
17;3
351;4
28;5
28;6
3;11
100;12
17;15
54;15
17;16
54;16
67;18
17;19
67;19
6;20
6;21
108;34
209;37
485;40
6;41
46;43
92;53
92;54
92;55
54;56
17;59
42;59
54;59
53;62
144;62
144;63
145;63
3;71
3;72
351;73
351;74
351;75
75;76
75;78
68;80
188;83
188;84
131;89
287;95
287;96
287;97
287;98
287;99
287;100
259;101
260;101
287;101
287;104
122;105
9;113
87;114
72;116
72;118
217;121
490;121
3;124
9;127
7;128
327;137
515;137
207;139
208;141
208;142
187;144
139;150
56;152
56;153
138;157
155;162
53;180
144;180
155;180
144;181
145;181
138;196
53;207
108;211
68;214
68;216
190;218
143;221
143;222
278;224
4;231
3;233
454;234
121;240
4;241
6;244
3;247
50;250
70;260
436;270
6;272
121;277
48;280
56;281
97;286
207;289
54;293
25;296
437;299
25;306
3;307
116;312
353;314
154;316
580;318
581;318
74;320
132;322
17;325
56;326
207;327
97;333
121;335
25;336
56;337
3;338
6;341
69;342
137;342
2;343
121;349
121;350
2;351
2;352
121;353
121;354
56;355
48;356
212;359
118;361
114;384
114;389
78;429
78;430
234;432
50;433
26;434
547;436
547;437
548;438
549;439
548;440
234;441
234;442
17;450
99;450
17;451
99;451
105;466
25;471
17;472
95;472
2;473
515;475
516;475
17;478
24;478
42;478
119;488
6;492
6;494
18;495
6;498
351;500
351;501
48;502
47;509
61;517
61;520
54;521
99;524
2;526
118;529
528;530
6;533
78;536
9;537
6;538
89;538
18;539
78;543
416;544
123;545
48;546
6;547
6;548
126;549
126;551
2;556
6;556
17;558
90;558
91;558
123;559
36;560
99;561
6;562
17;562
36;564
327;566
17;569
48;569
355;570
6;571
438;572
6;576
225;578
61;594
101;612
101;616
56;621
123;622
123;623
123;625
6;636
230;640
130;649
17;654
105;654
125;666
130;670
48;680
296;683
54;694
131;706
119;719
54;721
26;731
119;748
28;753
458;763
109;790
110;790
238;797
61;820
157;827
17;828
141;828
28;832
76;836
76;837
121;841
107;866
54;868
311;872
28;876
56;877
102;890
3;891
61;897
6;908
6;909
62;922
154;923
6;928
247;939
192;941
99;943
130;959
26;960
55;960
123;979
22;981
17;986
17;987
17;988
17;989
17;990
17;991
543;999
543;1000
6;1011
351;1014
327;1016
26;1020
351;1021
351;1040
17;1042
90;1042
3;1044
97;1045
119;1048
119;1049
119;1050
6;1051
27;1052
436;1064
87;1081
16;1121
123;1122
13;1126
129;1152
46;1161
46;1162
46;1163
46;1164
17;1183
454;1183
66;1184
210;1216
6;1254
150;1262
33;1265
10;1266
17;1267
25;1268
225;1270
34;1274
13;1279
6;1284
126;1289
147;1304
2;1306
17;1310
61;1310
6;1314
6;1318
6;1319
351;1334
4;1335
61;1336
76;1341
174;1352
174;1353
78;1367
25;1368
105;1369
3;1372
99;1373
99;1374
99;1375
6;1377
38;1381
6;1382
79;1384
351;1386
6;1405
126;1528
126;1529
126;1530
126;1532
126;1541
13;1593
54;1606
54;1607
54;1608
40;1609
17;1628
56;1644
17;1645
123;1646
123;1649
351;1789
126;1798
6;1827
318;1830
2;1832
12;1871
24;1877
13;1878
28;1880
481;1881
250;1883
6;1885
25;1886
491;1887
13;1892
491;1901
351;1902
296;1904
439;1905
13;1906
351;1910
25;1912
6;1916
351;1918
6;1919
143;1927
25;1938
24;1942
17;1958
113;1958
442;1961
13;1962
22;1968
26;1969
10;1970
78;1976
2;1979
17;1981
103;1983
104;1983
29;1985
6;1987
436;1996
6;2003
13;2004
6;2005
103;2006
17;2030
152;2030
47;2031
123;2033
38;2041
103;2042
178;2045
38;2058
6;2064
89;2067
2;2074
351;2108
6;2110
45;2111
2;2112
2;2113
19;2114
3;2115
120;2117
351;2118
79;2126
64;2132
73;2137
99;2138
17;2139
90;2139
99;2159
54;2161
314;2165
119;2192
111;2203
53;2204
65;2248
134;2261
134;2262
42;2263
88;2263
89;2263
13;2274
76;2277
6;2284
13;2346
6;2354
6;2358
234;2359
3;2369
351;2381
76;2437
7;2438
88;2444
415;2444
114;2449
9;2468
76;2468
13;2475
29;2484
69;2533
69;2534
6;2538
6;2539
26;2541
90;2552
3;2608
17;2640
152;2640
106;2667
466;2669
466;2672
76;2745
17;2896
42;2896
200;2903
296;2918
245;2922
101;2924
13;2931
6;2933
476;2935
6;2937
6;2939
69;2947
500;2948
6;2949
214;2955
37;2956
189;2967
25;2976
56;2987
355;2988
64;2990
12;2993
4;2997
542;3011
519;3013
13;3020
61;3025
3;3035
78;3042
6;3046
25;3049
60;3070
13;3076
36;3078
3;3082
6;3085
308;3086
229;3087
54;3088
487;3092
12;3097
45;3098
13;3101
13;3102
97;3111
56;3112
163;3113
2;3146
130;3154
130;3155
153;3160
17;3171
79;3173
351;3188
122;3193
10;3195
126;3208
79;3227
45;3234
109;3235
292;3239
282;3264
3;3267
283;3273
13;3277
3;3278
116;3471
116;3512
45;3695
42;3700
35;3750
136;3752
136;3756
208;3760
106;3772
27;3803
25;3812
6;3941
76;4065
135;4083
17;4211
76;4211
118;4211
180;4219
6;4220
42;4220
89;4220
312;4641
29;4652
22;4756
6;4758
174;4759
326;4769
326;4770
12;4781
58;4784
47;4786
99;4837
17;4839
74;4840
25;4843
360;4843
486;4847
6;4881
542;4904
542;4906
13;5031
21;5039
21;5042
21;5045
21;5049
3;5055
36;5126
7;5152
278;5156
89;5167
17;5168
17;5169
497;5169
6;5228
6;5296
99;5311
108;5314
237;5319
25;5322
6;5327
351;5335
126;5413
13;5441
59;5471
6;5473
6;5495
6;5503
13;5522
103;5523
13;5540
6;5541
13;5552
3;5566
528;5567
458;5570
13;5574
13;5577
99;5586
66;5587
13;5590
13;5591
332;5592
309;5602
13;5605
10;5606
6;5607
201;5611
174;5619
97;5622
6;5624
6;5627
6;5639
13;5641
6;5644
25;5647
89;5647
351;5648
6;5716
6;5730
36;5812
196;5815
6;5913
13;5973
6;5979
193;5982
89;5988
150;5988
6;6009
6;6032
107;6038
6;6043
229;6044
346;6057
13;6070
6;6072
13;6073
79;6134
13;6166
102;6175
102;6185
33;6188
256;6193
17;6231
465;6247
608;6259
608;6260
135;6273
608;6274
608;6275
13;6279
112;6282
148;6290
479;6292
480;6292
103;6342
4;6359
116;6362
3;6404
315;6414
99;6415
482;6451
54;6574
64;6611
60;6653
6;6705
12;6707
6;6731
13;6732
3;6739
3;6741
5;6742
3;6744
351;6748
25;6749
6;6776
12;6778
13;6781
118;6801
6;6810
13;6859
6;6879
544;6928
197;6934
61;6942
61;6943
210;6958
89;6959
200;6959
351;6961
6;6991
6;6997
89;7011
351;7011
89;7018
12;7025
17;7032
119;7032
6;7047
208;7056
351;7057
147;7058
26;7071
2;7081
78;7096
76;7101
76;7102
215;7159
6;7161
13;7205
318;7208
6;7211
216;7218
6;7220
68;7220
89;7246
181;7246
314;7256
305;7289
25;7291
6;7292
128;7293
174;7298
6;7310
116;7314
174;7320
362;7323
22;7327
21;7332
6;7333
13;7342
13;7344
17;7346
502;7346
503;7346
491;7349
6;7350
6;7352
10;7360
23;7386
6;7388
325;7390
6;7395
13;7400
25;7405
27;7412
30;7417
186;7421
32;7435
13;7438
25;7443
6;7469
17;7469
291;7477
38;7495
439;7498
13;7504
44;7505
40;7507
143;7514
13;7521
49;7522
51;7528
6;7533
6;7549
4;7551
10;7570
58;7574
59;7574
96;7578
3;7579
4;7589
62;7591
64;7595
3;7598
6;7599
13;7601
6;7603
74;7605
412;7609
12;7610
62;7616
491;7617
13;7618
6;7621
13;7627
6;7630
6;7631
13;7641
13;7642
69;7644
6;7649
6;7658
13;7667
13;7675
13;7684
6;7687
325;7689
80;7690
80;7691
25;7710
6;7716
58;7717
13;7726
109;7740
110;7740
61;7741
13;7767
13;7819
118;7829
13;7832
351;7843
133;7844
6;7857
13;7859
13;7864
99;7866
13;7871
78;7873
13;7878
79;7879
13;7880
58;7882
13;7883
13;7885
82;7886
3;7887
83;7888
85;7893
86;7897
97;7962
13;7964
6;7965
99;7966
252;8006
78;8034
78;8035
13;8036
21;8073
13;8114
6;8116
13;8174
115;8184
505;8185
54;8190
116;8191
116;8192
234;8200
97;8201
261;8211
572;8232
126;8236
126;8237
126;8238
126;8239
126;8240
174;8249
103;8255
6;8258
13;8259
6;8260
10;8263
126;8269
6;8286
56;8290
91;8311
4;8319
45;8320
88;8330
45;8331
13;8335
69;8338
137;8338
12;8339
140;8341
61;8344
78;8345
13;8347
13;8351
54;8352
146;8354
13;8355
351;8361
13;8368
45;8372
13;8374
6;8375
3;8408
92;8413
92;8414
13;8415
116;8419
56;8420
13;8422
13;8424
13;8426
13;8429
13;8433
13;8437
6;8439
13;8478
6;8481
89;8481
246;8490
60;8505
158;8507
159;8508
69;8539
97;8565
29;8566
160;8575
351;8576
6;8577
3;8584
6;8595
64;8621
13;8644
13;8653
6;8654
69;8686
69;8687
69;8688
161;8693
162;8694
162;8695
162;8696
3;8701
6;8713
6;8716
97;8717
116;8718
97;8719
56;8720
439;8729
61;8744
167;8747
168;8747
169;8747
13;8751
171;8756
177;8768
177;8769
177;8770
6;8778
173;8781
175;8788
170;8806
170;8807
170;8808
13;8816
222;8827
173;8849
13;8866
6;8876
13;8900
6;8919
186;8921
79;8924
13;8925
176;8935
178;8944
178;8945
6;8948
6;8983
13;8992
69;9002
69;9004
69;9005
97;9013
48;9014
13;9017
375;9038
13;9044
13;9046
13;9047
13;9054
97;9060
13;9061
13;9062
13;9066
4;9073
182;9095
61;9096
13;9101
102;9102
13;9112
197;9173
6;9174
439;9176
6;9178
13;9179
366;9181
6;9182
185;9188
13;9193
13;9194
13;9205
13;9216
351;9219
13;9221
43;9227
13;9241
62;9243
13;9247
13;9254
99;9272
6;9274
89;9276
13;9278
220;9295
78;9310
224;9319
224;9321
125;9349
335;9354
191;9357
13;9369
89;9375
119;9377
13;9383
6;9402
6;9415
13;9418
338;9425
193;9431
251;9433
211;9460
17;9461
91;9461
321;9461
12;9463
6;9464
13;9470
3;9471
227;9477
13;9478
305;9483
90;9488
6;9490
194;9493
194;9494
439;9495
13;9497
195;9498
123;9509
13;9516
199;9517
54;9522
13;9525
167;9530
13;9546
13;9568
13;9569
3;9572
204;9586
205;9587
64;9592
13;9609
33;9629
95;9630
6;9636
6;9637
13;9643
13;9649
13;9652
64;9658
601;9658
216;9659
6;9660
60;9667
13;9677
13;9683
6;9686
439;9687
13;9689
13;9699
219;9700
13;9716
79;9723
13;9730
6;9732
61;9739
13;9758
13;9767
13;9774
79;9778
255;9781
79;9806
13;9812
27;9813
6;9815
233;9824
439;9835
227;9892
13;9896
234;9898
6;9904
13;9911
13;9917
318;9919
201;9920
99;9928
89;9931
228;9943
6;9962
6;9963
6;9964
6;10029
13;10030
13;10031
13;10073
439;10077
13;10096
13;10100
477;10106
13;10148
13;10169
6;10170
116;10192
13;10195
231;10231
232;10231
27;10237
6;10239
13;10240
182;10242
13;10243
264;10263
6;10264
227;10272
318;10295
13;10321
13;10350
13;10351
13;10352
305;10364
265;10380
3;10395
13;10402
38;10403
13;10425
6;10435
13;10441
13;10470
13;10479
13;10524
62;10538
6;10541
13;10554
17;10591
141;10591
25;10595
70;10632
13;10635
13;10645
13;10681
263;10725
13;10733
54;10743
13;10750
6;10760
239;10763
174;10767
266;10769
13;10794
103;10818
241;10842
242;10843
6;10886
243;10911
244;10912
244;10913
6;10919
25;10920
79;10922
79;10923
79;10924
45;10929
25;10964
2;10965
13;10966
13;10985
271;10988
13;10991
343;10997
6;11009
21;11024
21;11025
21;11026
13;11049
103;11054
103;11055
13;11063
346;11064
6;11070
58;11071
58;11072
59;11072
58;11075
13;11076
103;11084
171;11092
13;11093
182;11106
182;11107
13;11119
6;11134
13;11135
6;11137
412;11156
528;11157
19;11161
10;11162
246;11168
6;11169
174;11170
10;11171
13;11176
13;11177
25;11180
13;11182
79;11183
29;11185
6;11186
6;11198
12;11204
215;11213
349;11214
13;11215
6;11221
248;11230
249;11231
439;11233
13;11250
254;11261
61;11265
13;11276
6;11291
12;11307
6;11328
13;11330
89;11331
6;11340
253;11341
64;11343
13;11346
6;11348
13;11367
216;11410
216;11411
216;11413
256;11414
217;11418
293;11432
13;11444
153;11491
439;11542
351;11544
13;11560
13;11561
6;11563
258;11566
88;11567
13;11568
13;11577
296;11582
13;11587
13;11592
13;11597
13;11598
305;11599
13;11602
13;11619
13;11625
439;11634
13;11646
6;11647
6;11649
29;11654
13;11657
331;11666
6;11667
13;11669
103;11707
79;11708
13;11709
13;11712
173;11719
13;11737
13;11744
594;11749
262;11754
262;11755
189;11761
262;11767
13;11772
267;11778
267;11781
13;11795
439;11797
267;11799
13;12070
6;12080
219;12198
272;12328
272;12329
351;12377
199;12390
61;12464
13;12482
6;12505
274;12510
13;12511
13;12515
79;12517
13;12518
13;12520
13;12523
13;12530
13;12596
103;12597
275;12637
13;12647
275;12649
79;12775
6;12815
13;12877
13;12878
13;12938
13;12979
234;12982
276;13090
13;13097
103;13100
278;13138
278;13139
278;13140
13;13160
13;13163
13;13167
103;13168
104;13168
13;13171
118;13182
13;13187
13;13189
13;13196
6;13197
6;13205
79;13220
13;13223
284;13225
422;13231
25;13309
285;13360
13;13366
13;13374
404;13391
6;13542
6;13554
338;13555
6;13620
13;13621
6;13668
13;13673
79;13677
13;13686
13;14146
6;14172
13;14197
13;14206
13;14298
13;14314
13;14326
13;14360
439;14364
356;14365
412;14366
13;14378
6;14389
351;14390
13;14404
439;14410
13;14415
13;14464
13;14465
64;14526
22;14533
13;14550
13;14565
13;14566
13;14587
13;14593
271;14646
290;14673
291;14674
13;14685
13;14701
13;14703
6;14705
13;14711
13;14720
282;14730
13;14736
282;14737
6;14740
6;14744
12;14746
6;14758
13;14761
13;14762
173;14763
6;14822
352;14828
13;14837
418;14847
54;14883
3;14916
173;14920
25;14945
343;14946
25;14952
312;14957
103;15101
146;15140
446;15150
6;15183
13;15196
6;15263
312;15310
264;15311
13;15384
3;15407
13;15409
54;15423
13;15443
529;15444
13;15485
351;15490
13;15494
13;15536
13;15548
6;15695
64;15731
25;15740
6;15793
351;15798
64;15850
13;15852
25;15853
13;15854
38;15856
38;15858
295;15863
398;15882
296;15894
13;15931
305;16135
351;16253
500;16261
13;16287
13;16298
6;16302
13;16309
3;16310
79;16312
13;16313
351;16368
436;16402
312;16521
351;16605
13;16607
13;16608
13;16612
308;16614
13;16622
6;16626
13;16637
13;16669
13;16687
13;16707
439;16708
13;16723
13;16751
404;16815
13;16823
312;16843
13;16845
13;16873
312;16890
13;16903
25;16905
13;16925
13;16927
103;16933
78;16948
439;16991
13;16992
6;16994
439;16999
103;17000
6;17001
586;17004
13;17011
13;17026
13;17027
13;17028
312;17131
313;17131
741;17136
741;17143
6;17229
351;17238
297;17243
13;17253
298;17256
299;17256
301;17256
298;17257
299;17257
301;17257
302;17257
303;17257
304;17269
13;17281
13;17320
13;17332
13;17354
13;17360
25;17379
346;17393
364;17415
439;17446
3;17447
307;17453
6;17467
6;17469
13;17470
13;17480
13;17555
312;17561
514;17580
103;17646
13;17660
13;17683
6;17739
439;17799
380;17828
13;17847
320;17870
6;17875
13;17904
13;17907
13;17925
13;17945
346;17994
13;17998
6;18009
79;18013
6;18020
6;18052
13;18077
13;18078
13;18085
6;18088
13;18092
13;18126
317;18127
13;18130
6;18147
25;18148
509;18149
13;18164
6;18166
6;18167
319;18171
6;18180
6;18185
13;18200
13;18209
6;18215
61;18219
13;18223
439;18225
13;18253
13;18263
6;18268
13;18279
6;18290
6;18311
2;18320
13;18322
13;18338
64;18348
123;18352
13;18354
13;18357
13;18368
13;18374
13;18375
13;18387
13;18394
13;18398
13;18404
13;18430
13;18433
13;18434
13;18440
6;18452
3;18453
13;18484
328;18489
328;18491
13;18551
13;18653
305;18689
13;18694
305;18704
64;18723
13;18733
13;18751
13;18774
336;18786
13;18792
13;18793
13;18794
13;18796
6;18815
3;18818
13;18828
214;18829
13;18841
6;18845
13;18847
13;18849
13;18853
6;18854
6;18857
529;18859
13;18860
13;18861
6;18866
13;18868
13;18869
13;18871
6;18875
13;18903
13;18908
3;18910
342;18922
13;18927
13;18932
61;18940
13;18948
293;18949
13;18952
13;18955
13;18965
291;18967
123;18968
13;18970
13;18976
105;18980
6;18982
6;18985
79;18990
12;19000
6;19001
13;19085
13;19093
13;19108
339;19126
25;19128
557;19145
439;19164
6;19167
404;19168
6;19169
6;19220
13;19242
12;19268
13;19273
439;19277
13;19278
13;19281
344;19283
345;19285
13;19289
13;19290
397;19291
13;19292
6;19301
349;19317
350;19317
79;19321
13;19331
6;19333
13;19347
3;19348
13;19384
13;19386
13;19394
13;19396
99;19405
305;19406
6;19407
13;19408
13;19429
439;19436
79;19438
16;19441
439;19448
6;19449
6;19453
13;19456
95;19457
2;19459
58;19463
58;19464
13;19469
13;19474
79;19481
13;19484
13;19506
13;19514
13;19520
13;19525
25;19531
6;19541
439;19545
383;19546
3;19549
13;19552
10;19554
439;19561
412;19564
6;19570
305;19589
6;19592
6;19604
13;19606
515;19637
13;19679
354;19686
13;19698
13;19708
357;19722
357;19723
22;19726
404;19728
13;19729
357;19739
13;19748
13;19786
13;19788
6;19817
6;19819
351;19833
13;19838
13;19867
13;19871
58;19918
13;19919
13;19935
6;20038
174;20074
13;20112
351;20114
13;20124
6;20176
13;20180
6;20190
358;20193
13;20199
359;20204
68;20275
6;20324
6;20326
13;20329
13;20331
13;20334
13;20340
13;20342
13;20347
13;20395
13;20399
79;20413
76;20437
13;20454
37;20456
13;20459
361;20468
79;20469
13;20472
40;20531
189;20566
6;20584
537;20622
24;20740
97;20752
13;20753
6;20787
13;20788
13;20789
6;20834
13;20852
10;20864
351;20867
427;20871
13;20874
13;20908
351;20976
13;20991
123;21199
447;21271
13;21324
13;21344
13;21429
509;21453
319;21485
363;21559
13;21560
13;21580
13;21599
499;21601
13;21604
13;21623
13;21628
305;21641
13;21642
10;21695
33;21739
13;21743
367;21787
174;21810
3;21897
13;21961
13;21979
439;21982
103;21983
13;21984
13;21985
368;21986
13;21989
13;21991
13;21993
13;21998
370;22004
371;22005
44;22013
13;22016
13;22017
372;22019
13;22023
13;22027
79;22031
13;22033
586;22034
13;22035
13;22039
439;22041
13;22094
13;22095
13;22097
13;22098
13;22158
374;22181
13;22348
6;22356
13;22360
376;22361
79;22363
79;22364
13;22368
13;22373
13;22375
13;22380
13;22381
308;22385
13;22387
13;22392
439;22395
13;22436
13;22482
439;22499
378;22501
79;22692
29;22703
13;22704
13;22726
13;22743
13;22749
13;22752
29;22753
13;22778
13;22779
379;22781
13;22783
6;22784
13;22785
13;22786
13;22793
6;22800
13;22807
55;22816
13;22818
505;23000
406;23111
13;23162
64;23166
13;23174
13;23179
13;23188
13;23189
13;23193
380;23211
6;23212
6;23231
13;23237
13;23242
13;23245
578;23248
13;23275
13;23276
13;23277
13;23294
213;23295
13;23332
13;23334
13;23336
13;23352
351;23369
404;23407
213;23488
305;23489
13;23504
384;23509
13;23527
13;23579
504;23595
46;23614
64;23658
13;23689
452;23717
68;23719
13;23731
4;23759
13;23796
6;23797
529;23835
13;23842
13;23857
13;23881
13;23883
13;23884
13;23888
385;23888
439;23891
13;23903
79;23904
386;23905
13;23914
13;23920
104;23939
389;23952
13;23978
13;23984
13;23985
13;24022
104;24050
13;24051
13;24054
13;24067
13;24068
13;24071
13;24074
404;24081
61;24090
25;24105
254;24263
6;24412
229;24417
13;24423
13;24426
13;24428
13;24439
13;24440
13;24441
203;24442
13;24460
104;24469
64;24472
13;24473
13;24474
13;24484
13;24493
13;24497
13;24503
392;24511
25;24515
407;24557
13;24569
443;24594
312;24611
13;24628
13;24642
13;24684
13;24703
6;24723
13;24765
13;24800
13;24814
13;24816
13;24823
18;24833
13;24840
6;24841
6;24856
13;24857
13;24863
13;24905
6;24907
305;24930
13;24943
305;24958
13;24965
13;24972
6;24974
396;24974
13;24985
13;24989
13;24994
305;25015
13;25058
26;25076
370;25079
13;25102
6;25109
13;25118
13;25124
182;25125
13;25198
13;25205
6;25210
13;25214
64;25216
6;25218
13;25234
13;25239
13;25252
13;25254
404;25260
13;25277
13;25278
13;25295
399;25306
79;25316
13;25319
6;25340
407;25351
13;25357
13;25553
6;25555
532;25580
13;25581
13;25584
13;25587
13;25594
13;25627
439;25634
13;25638
433;25657
13;25676
13;25680
79;25705
13;25707
13;25715
79;25717
13;25720
13;25729
404;25736
403;25738
13;25740
404;25751
404;25752
404;25753
404;25754
404;25755
404;25756
404;25757
404;25758
404;25759
404;25760
404;25762
404;25763
404;25764
404;25766
404;25767
404;25768
404;25769
404;25770
404;25771
61;25773
405;25785
404;25786
439;25812
13;25827
404;25839
380;25846
13;25850
6;25855
13;25856
13;25865
404;25872
408;25873
13;25904
404;25919
439;25935
13;25947
409;25960
13;25980
305;25995
13;26000
13;26121
351;26123
404;26144
439;26169
404;26174
99;26185
404;26187
6;26190
404;26199
13;26205
13;26206
404;26207
319;26208
13;26210
13;26223
439;26227
13;26236
439;26251
532;26268
13;26284
601;26298
6;26300
13;26355
13;26363
79;26365
404;26385
13;26386
404;26387
2;26401
6;26402
6;26403
314;26431
6;26451
13;26456
13;26472
413;26478
404;26486
64;26487
305;26491
404;26533
13;26545
6;26549
171;26554
6;26573
6;26575
6;26577
13;26581
13;26585
417;26586
79;26591
13;26598
409;26604
6;26606
419;26607
13;26619
404;26629
420;26632
305;26639
404;26641
423;26649
404;26650
404;26651
305;26652
439;26658
439;26676
13;26678
392;26681
404;26684
404;26685
404;26691
237;26709
439;26710
499;26714
25;26719
404;26720
13;26722
404;26728
351;26731
298;26738
299;26738
439;26750
404;26751
404;26755
502;26764
439;26765
13;26767
6;26775
426;26792
13;26799
428;26804
13;26808
13;26809
13;26810
13;26821
13;26825
429;26830
13;26835
13;26842
13;26844
404;26849
610;26855
13;26870
439;26879
404;26887
61;26889
13;26896
25;26901
13;26914
13;26935
275;26940
13;26945
99;26948
13;26949
404;26957
305;26958
79;26959
439;26965
404;26966
79;26970
439;26986
13;26997
13;27005
13;27021
404;27022
404;27023
404;27025
103;27031
465;27043
13;27045
13;27047
404;27047
13;27058
404;27078
13;27080
2;27081
439;27091
318;27092
13;27095
13;27097
13;27101
13;27116
404;27119
13;27126
404;27127
439;27134
434;27135
434;27137
13;27139
13;27141
13;27142
6;27147
351;27148
404;27151
13;27152
13;27173
13;27175
13;27178
13;27194
404;27210
13;27212
13;27214
439;27216
435;27254
13;27266
79;27282
25;27286
6;27297
13;27324
13;27335
13;27339
13;27340
404;27341
404;27342
13;27345
13;27346
404;27348
13;27357
13;27358
13;27359
404;27369
404;27370
13;27376
351;27393
6;27398
404;27401
13;27403
13;27405
404;27418
439;27420
513;27421
6;27430
6;27431
13;27435
13;27457
271;27490
13;27505
13;27509
6;27514
13;27518
3;27523
404;27524
3;27533
351;27536
13;27545
61;27560
6;27571
439;27572
441;27586
404;27608
79;27651
439;27661
13;27667
13;27670
439;27671
443;27672
444;27676
13;27686
13;27719
439;27727
6;27729
404;27731
79;27755
13;27771
439;27779
439;27789
439;27793
370;27799
13;27804
13;27806
13;27810
7;27827
454;27842
404;27865
404;27872
13;27873
404;27878
13;27904
13;27910
6;27924
404;27926
439;27927
6;27931
450;27936
13;27943
404;27944
404;27950
404;27962
404;27964
13;27973
305;27991
13;28003
404;28006
436;28008
234;28028
404;28030
305;28031
404;28037
79;28042
541;28045
79;28046
6;28066
13;28069
439;28070
404;28098
370;28099
404;28102
453;28103
13;28105
404;28106
13;28107
455;28110
13;28112
404;28115
404;28116
64;28123
13;28132
266;28143
6;28145
404;28148
13;28153
79;28157
370;28159
6;28162
13;28164
6;28168
380;28169
13;28171
6;28175
404;28183
13;28189
404;28198
404;28199
404;28205
404;28211
13;28219
13;28224
79;28225
64;28227
13;28229
6;28239
79;28240
6;28242
13;28247
482;28255
13;28281
605;28285
13;28309
13;28315
459;28349
13;28351
460;28362
404;28371
13;28382
13;28406
19;28414
439;28447
79;28448
404;28462
439;28489
463;28509
13;28511
13;28526
79;28531
464;28532
10;28540
118;28552
404;28554
404;28572
13;28671
509;28671
13;28695
2;28706
351;28751
297;28757
404;28769
6;28794
203;28811
404;28817
13;28821
439;28845
29;28862
13;28898
103;28952
404;28959
13;29004
404;29007
13;29050
213;29097
6;29116
3;29119
13;29135
499;29139
601;29144
439;29152
103;29314
595;29314
305;29328
601;29422
439;29578
79;29601
13;29667
421;29688
13;29752
404;29815
13;29846
13;29966
25;30038
404;30119
404;30131
13;30152
439;30154
439;30229
3;30237
6;30365
13;30403
439;30468
13;30479
439;30515
439;30618
439;30804
13;30847
509;31198
13;31229
6;31448
439;31561
79;31669
529;31679
439;31703
439;31712
741;31825
13;31866
439;32277
439;32365
13;32396
439;32489
13;32640
439;32721
13;32964
13;33062
13;33354
509;33363
601;33436
404;33454
79;33464
79;33632
525;33644
404;33731
13;33864
741;33900
13;33929
13;34511
509;34644
13;34667
6;34758
13;34792
13;34836
13;34904
351;34934
439;34982
13;35007
53;35061
439;35073
509;35081
13;35099
13;35144
13;35145
741;35265
13;35284
443;35347
439;35412
79;35585
404;35589
3;35653
13;35690
499;35766
439;35788
594;35939
404;36058
104;36181
13;36232
28;36240
478;36390
13;36454
469;36509
13;36543
13;36548
404;36567
6;36569
104;36574
370;36575
439;36594
523;36601
481;36607
13;36611
13;36612
6;36615
13;36650
439;36669
103;36698
439;36707
470;36735
471;36737
13;36743
13;36747
13;36748
13;36749
472;36763
439;36771
439;36781
473;36809
47;36813
370;36879
6;36897
6;36911
404;36922
13;36929
2;36950
271;36999
13;37002
18;37016
13;37026
404;37061
474;37080
439;37089
439;37092
439;37135
439;37143
419;37150
343;37180
13;37184
370;37185
13;37302
13;37306
439;38336
13;38489
79;38742
13;38754
79;38808
404;38810
404;39143
13;39279
13;39749
404;39759
439;39771
64;39773
13;40463
6;40521
13;40994
13;41043
351;41590
6;41595
47;41607
351;41610
118;41616
118;41617
351;41640
404;41703
6;41828
484;41828
439;42666
16;42901
10;42921
404;42925
118;42943
412;42946
118;42955
404;43094
404;43102
13;43165
404;43950
404;44100
104;44103
439;44122
553;44302
118;44543
6;44571
6;44585
512;45089
6;45095
173;46076
439;46449
13;46452
13;46926
167;46965
54;47101
3;47107
557;47124
404;47156
13;47157
68;47318
6;47440
6;47823
404;48675
18;50199
13;50257
173;50775
54;50918
13;51406
404;51435
404;51462
3;51478
493;51482
2;51486
12;51523
12;51524
12;51525
6;51526
118;51531
439;51548
439;51693
404;51700
13;51730
13;51822
154;51933
494;52006
13;52011
404;52017
439;52051
13;52083
54;52159
13;52205
404;52208
439;52263
62;52313
404;52432
522;52552
404;52691
79;52744
404;52786
509;52799
174;52864
118;53011
118;53012
118;53017
118;53019
13;53079
439;53482
351;53797
118;54033
305;54445
404;54454
13;54510
13;54537
13;54538
382;54553
557;54572
501;54604
13;54630
13;54637
189;54638
439;54639
13;54645
498;54651
13;54652
499;54660
439;54709
404;54721
13;54722
404;54723
404;54729
69;54844
439;54898
419;54995
13;55024
6;55027
212;55034
366;55038
207;55056
404;55102
404;55124
407;55125
13;55136
404;55136
13;55146
439;55149
13;55166
13;55169
13;55173
404;55182
6;55195
13;55198
404;55216
404;55217
13;55247
439;55282
13;55322
439;55639
539;55892
13;56060
601;56470
13;56510
13;56586
13;56639
439;56678
199;56874
64;56971
505;57000
505;57005
64;57015
64;57016
64;57017
13;57034
439;57048
64;57077
13;57191
439;57192
351;57366
404;57691
13;57916
13;58656
13;58720
404;58720
439;59237
508;59516
592;59613
13;59850
64;59850
13;60777
13;61044
64;61584
64;61585
64;61586
64;61588
64;61589
404;61637
79;61638
6;62151
13;62466
64;63130
601;63572
13;64607
219;65433
574;65445
439;65825
509;65832
404;66636
569;67744
563;67860
13;67935
439;68106
439;68359
13;68364
13;68379
509;68393
13;68451
13;68455
509;68485
13;68533
13;68682
461;68708
13;69324
13;69441
13;69483
589;69755
79;70387
13;70396
13;70708
439;70828
546;70835
546;70836
546;70837
546;70838
546;71162
546;71163
546;71170
439;71457
282;71582
509;71583
13;71911
510;72323
13;72325
509;72338
6;72520
587;72754
302;72956
404;74131
392;74167
79;74288
509;74398
509;74405
305;74452
509;74498
13;74527
13;74539
13;74561
25;74589
439;74701
13;74734
104;74867
404;74891
13;74893
509;74978
13;75021
520;75045
351;75062
509;75077
404;75084
509;75093
439;75116
509;75118
521;75179
509;75194
13;75202
13;75230
439;75238
13;75279
404;75290
509;75296
404;75303
509;75528
13;75540
509;75548
404;75549
351;75567
439;75694
13;75816
291;75848
6;75866
6;75990
13;76062
439;76064
13;76079
13;76098
13;76164
13;76211
509;76212
79;76245
509;76252
354;76253
13;76324
439;76347
509;76419
6;76428
439;76547
13;76566
570;76587
13;76615
586;76708
13;76717
439;76799
13;76875
13;76883
439;76885
439;76887
13;76921
13;76924
439;76960
552;77346
13;77529
439;78063
13;78143
13;78150
13;78151
13;78152
13;78488
13;78538
13;78541
79;78548
532;78548
13;78551
13;78553
13;78565
13;78628
13;78904
13;79130
13;79135
589;79167
546;79459
13;79566
13;79995
13;80000
538;80004
540;80005
13;80008
13;80009
4;80332
13;80360
13;80488
546;80520
351;80555
13;80808
345;80818
18;80853
13;80855
212;80877
13;80878
439;80880
13;80882
13;80960
13;81086
583;81141
6;81173
439;81198
529;81261
546;81338
546;81339
529;81533
13;81555
13;81582
13;81626
439;81636
13;81680
13;82030
6;82116
13;82432
13;82529
13;82952
13;83614
529;83677
491;83728
550;83779
529;83845
439;83846
13;83848
13;83849
529;83850
13;83857
118;83886
118;83888
118;83889
13;83890
203;83921
439;83971
13;83973
13;84017
79;84197
6;84216
584;84272
13;84288
609;84329
601;84479
529;84873
13;84964
13;86295
509;86335
79;86395
439;86426
13;86487
13;86491
529;86513
555;86525
13;86533
529;86646
370;86653
13;86657
13;86767
13;87182
13;87185
298;87737
529;87743
13;87809
13;87983
13;88916
305;88953
3;89147
13;89183
529;89215
13;89216
293;89335
6;89354
13;89384
13;89418
305;89421
13;89422
439;89444
13;89482
13;89495
6;89552
404;89566
491;89571
439;89597
439;89605
529;89642
529;89643
13;89654
13;89682
25;89840
90;89844
529;89984
13;90011
6;90012
6;90057
529;90058
13;90059
19;90099
13;90161
103;90229
439;90235
439;90558
439;90654
6;90681
13;90850
6;91041
439;91140
439;91967
64;92725
345;92970
13;93025
13;93159
6;93554
439;93656
13;93734
404;94054
13;94062
6;94078
439;94147
13;94816
559;94869
404;94870
13;94966
13;94968
351;94987
13;95023
13;95030
13;95076
439;95225
612;95308
219;95463
561;95508
13;95608
13;95667
13;95691
13;95776
599;96027
439;96090
6;96108
13;96137
529;96146
564;96166
13;96196
13;96215
6;96239
439;96250
13;96257
13;96268
13;96273
13;96347
13;96353
13;96366
13;96370
112;96390
13;96467
13;96490
532;96503
13;96650
439;97225
13;97231
13;97269
13;97333
13;97690
79;97974
13;98110
601;98405
305;98469
509;98843
13;99115
439;99117
529;99120
13;99243
13;99244
601;99625
439;99651
6;99933
6;99960
532;100309
601;100339
439;100367
504;100413
13;100418
532;100491
13;100562
13;100581
13;100669
420;100695
568;101029
569;101031
13;101064
13;101167
13;101173
574;101211
13;101213
13;101219
439;101220
532;101245
439;101257
13;101414
13;101415
587;101439
439;101440
13;101441
439;101449
439;101452
439;101459
13;101461
13;101463
13;101635
13;101863
439;102058
529;102064
6;102077
123;102078
123;102079
13;102084
509;102117
13;102128
13;102163
13;102174
439;102208
509;102581
6;102587
6;102803
6;102804
6;102806
13;102855
13;102858
741;102885
439;102890
439;102937
95;103020
439;103021
10;103054
601;103063
13;103173
439;103221
13;103222
439;103228
574;103261
439;103288
439;103291
13;103296
439;103320
13;103351
520;103354
529;103373
16;103379
19;103382
35;103387
13;103509
13;103510
532;103715
13;104005
13;104100
13;104179
13;104235
439;104240
13;104251
509;104518
13;104815
25;104848
13;104862
13;104929
13;104938
6;104970
529;104978
585;104988
13;105027
439;105049
439;105063
509;105114
13;105124
13;105401
6;105405
6;105406
404;105412
13;105576
529;106005
64;106009
13;106011
439;106101
439;106114
439;106120
13;106133
13;106276
13;106279
520;106293
370;106298
420;106299
439;106385
13;106530
13;106531
13;106674
13;106675
13;106677
420;106742
420;106743
13;106761
13;106805
509;106810
13;106813
213;106820
439;106821
529;106985
13;107014
13;107033
439;107084
13;107112
409;107139
591;107152
13;107156
13;107169
13;107175
13;107197
13;107200
13;107206
13;107207
13;107208
13;107212
421;107227
19;107233
593;107235
13;107239
529;107246
13;107247
13;107249
13;107271
13;107310
173;107318
439;107371
439;107433
439;107530
439;107681
13;107740
529;107834
6;107878
13;107901
13;107916
305;107924
13;108065
594;108095
439;108246
6;108413
13;109254
13;109267
439;109277
439;109475
13;109482
13;109486
439;109550
529;109581
13;109627
601;109932
439;110054
529;110064
439;110068
439;110324
529;110330
439;110432
439;110435
13;110436
13;110468
358;110472
439;110474
404;110480
305;110490
13;110565
13;110568
439;110585
13;110587
600;110590
13;110595
13;110597
404;110598
601;110696
13;110700
6;110778
13;110796
64;110834
13;110846
13;110848
602;110848
601;110856
13;110873
601;110874
439;110879
285;110886
13;110916
13;111128
601;111146
439;111163
13;111231
13;111234
439;111243
13;111301
601;111325
13;111419
419;111448
529;111544
13;111554
13;111590
6;111661
344;111752
601;111753
439;111835
13;111837
13;111846
13;111962
529;112075
13;112098
13;112112
617;112191
13;112344
64;112404
64;112405
439;112409
13;112641
594;112661
13;112740
351;112916
13;113101
13;113103
439;113116
13;113175
439;113212
601;113254
439;113361
13;113370
439;113378
13;113417
601;113423
601;113428
614;113429
439;113433
13;113443
13;113465
13;113483
439;113484
439;113512
614;113540
13;113578
18;113629
13;113631
439;113739
13;113837
509;113939
439;113999
439;114009
13;114306
439;114422
681;114432
439;114435
439;114455
13;114484
439;114504
601;114537
439;114539
6;114684
439;114756
439;114776
601;114781
439;114783
509;114785
601;114786
13;114787
601;114789
594;115033
407;115034
439;115054
104;115201
351;115272
601;115309
529;115318
532;115447
529;115454
601;115462
509;115485
13;115563
13;115638
601;115654
64;115656
439;115677
13;115715
13;115719
13;115720
13;115735
13;115783
13;115789
601;115845
97;115873
13;115976
601;116004
64;116128
13;116129
13;116133
13;116155
439;116212
439;116301
64;116342
13;116354
13;116355
13;116356
13;116357
13;116358
13;116363
439;116414
695;116539
13;116587
439;116634
532;116663
79;116670
601;116673
13;116674
13;116749
13;116824
741;116856
439;116898
13;116961
439;116970
305;116988
13;116993
13;117031
601;117078
439;117129
79;117149
601;117192
439;117197
13;117268
439;117269
601;117284
13;117303
6;117405
601;117483
601;117540
13;117546
13;117575
6;117662
601;117676
13;117774
305;117996
7;118124
601;118148
79;118200
439;118279
601;118281
439;118301
64;118309
6;118313
13;118315
13;118463
439;118485
439;118672
439;118872
601;118947
13;118960
6;118985
351;118993
439;119163
13;119192
439;119204
601;119220
439;119226
439;119247
439;119257
439;119260
601;119269
439;119270
439;119283
439;119284
439;119298
439;119307
13;119341
439;119360
64;119425
404;119687
532;119702
104;119902
439;119923
601;120204
13;120267
79;120283
13;120323
13;120355
601;120486
439;120488
601;120628
601;120872
64;120876
79;120907
13;121152
557;121211
557;121214
601;121217
601;121252
529;121362
601;121363
601;121440
13;121604
64;121614
601;121620
509;121722
64;121726
601;121820
601;121837
13;121930
601;121932
13;121939
6;121947
601;121953
79;122093
439;122105
601;122107
13;122119
439;122235
439;122270
509;122282
13;122306
601;122335
13;122339
601;122348
529;122351
64;122562
439;122563
439;122611
601;122665
13;122816
79;123282
601;123988
13;123992
601;123998
601;123999
64;124039
439;124683
439;124773
6;124928
439;125007
