INSERT INTO engine VALUES
(2, 'Frostbite'),
(3, 'Source'),
(4, 'GoldSrc'),
(5, 'NeL'),
(6, 'Unreal Engine'),
(7, 'Scimitar'),
(9, 'Anvil'),
(10, 'AnvilNext'),
(12, 'Telltale Tool'),
(13, 'Unity'),
(16, 'Disrupt'),
(17, 'Havok Physics'),
(18, '4A Engine'),
(19, 'Snowdrop'),
(21, 'TheEngine'),
(22, 'UbiArt Framework'),
(23, 'Serious Engine 4'),
(24, 'REDengine'),
(25, 'CryEngine'),
(26, 'RAGE'),
(27, 'Dark Alliance Engine'),
(28, 'Infinity Engine'),
(29, 'Fox Engine'),
(30, 'Angelica III'),
(32, 'Retox'),
(33, 'Forgelight Engine'),
(34, 'GlassBox'),
(35, 'Northlight Engine'),
(36, 'Asura'),
(37, 'Quest'),
(38, 'Diesel'),
(39, 'SCI1.1'),
(40, 'Titan 2.0'),
(42, 'SpeedTree'),
(43, 'Dark Engine'),
(44, 'Velocity Engine'),
(45, 'Vision'),
(46, 'Crystal Engine'),
(47, 'id Tech 5'),
(48, 'id Tech 4'),
(49, 'Pyrogenesis'),
(50, 'Starbreeze Engine'),
(51, '3Space'),
(53, 'SCUMM'),
(54, 'Gamebryo'),
(55, 'Euphoria Engine'),
(56, 'id Tech 3'),
(58, 'Ignite Engine'),
(59, 'Impact Engine'),
(60, 'Prism3D'),
(61, 'LithTech'),
(62, 'Torque Game Engine'),
(64, 'Adobe Flash Player'),
(65, 'Torque 2D'),
(66, 'BigWorld'),
(67, 'MAX-FX'),
(68, 'Aurora Engine'),
(69, 'Build'),
(70, 'The Sims 3 Engine'),
(71, 'Z-machine'),
(72, 'Odyssey'),
(73, 'Babel engine'),
(74, 'X-ray Engine'),
(75, 'Eclipse Engine'),
(76, 'Jade'),
(77, 'AGOS'),
(78, 'Chrome Engine'),
(79, 'GameMaker: Studio'),
(80, 'HydroEngine'),
(82, 'MonkeyX'),
(83, 'TDRPG Engine'),
(85, 'Gex engine'),
(86, 'IceWave'),
(87, 'HeroEngine'),
(88, 'Genome'),
(89, 'PhysX'),
(90, 'Avalanche engine'),
(91, 'PathEngine'),
(92, 'XnGine'),
(95, 'Creation Engine'),
(96, 'SAGA'),
(97, 'id Tech 2'),
(98, 'Neon Engine'),
(99, 'Ego Engine'),
(100, 'Nod Engine'),
(101, 'Virtual Theatre'),
(102, 'Virtools Engine'),
(103, 'Microsoft XNA'),
(104, 'MonoGame'),
(105, 'Essence Engine'),
(106, 'ROMU'),
(107, 'Firaxis LORE'),
(108, 'Amityville'),
(109, 'Horizon Engine'),
(110, 'Labyrinth Engine'),
(111, 'Groovie'),
(112, 'FlatRedBall'),
(113, 'Twilight'),
(114, 'Crystal Tools'),
(115, 'Video Reality'),
(116, 'id Tech 1'),
(117, 'Quantic Dream Engine'),
(118, 'Dunia Engine'),
(119, 'Glacier'),
(120, 'Enfusion'),
(121, 'Refractor Engine'),
(122, 'Chameleon'),
(123, 'IW Engine'),
(125, 'Voxel Space'),
(126, 'Kinetica'),
(128, 'BitSquid'),
(129, 'Emmersion'),
(130, 'SAGE'),
(131, 'W3D'),
(132, 'Voxel Plus'),
(133, 'Terrabuilder'),
(134, 'ZenGin'),
(135, 'Geo-Mod'),
(136, 'Popcap Games Framework'),
(137, 'SlaveDriver'),
(138, 'Jedi'),
(139, 'Sith'),
(140, 'Ecstasy Engine'),
(141, 'PainEngine'),
(142, 'AGI'),
(143, 'Sierra''s Creative Interpreter'),
(144, 'iMUSE'),
(145, 'GrimE'),
(146, 'Beard+Razor'),
(147, 'YETI'),
(148, 'Voxlap'),
(150, 'Onyx Engine'),
(152, 'Saber3D'),
(153, 'LyN'),
(154, 'Vengeance Engine'),
(155, 'INSANE'),
(157, 'GAIA'),
(158, 'Xed'),
(159, 'Playground SDK'),
(160, 'Autodesk'),
(161, 'STEAM engine'),
(162, 'Vampire'),
(163, 'CloakNT3'),
(165, 'Gold Box'),
(166, 'enhanced Adventure Island'),
(167, 'Cube Engine'),
(168, 'Angelica 3D'),
(169, 'Eparch 2D'),
(170, 'Objectnaut'),
(171, 'Flixel'),
(173, 'OGRE'),
(174, 'PhyreEngine'),
(175, 'Dark Side'),
(176, 'Earth-4'),
(177, 'Nebula Device'),
(178, 'HPL'),
(180, 'Marmoset'),
(181, 'Kapow'),
(182, 'Enigma engine'),
(184, 'Killzone Shadow Fall engine'),
(185, 'Game World Builder'),
(186, 'OEngine'),
(187, 'Alamo'),
(188, 'Snowblind engine'),
(189, 'AtmosFear'),
(190, 'Omen Engine'),
(191, 'VR-6'),
(192, 'MassTech'),
(193, 'STORM Engine'),
(194, 'isiMotor2'),
(195, 'Dawn Engine'),
(196, 'FXEngine'),
(197, 'Enforce'),
(199, 'Macromedia Director 2.0'),
(200, 'Evolution'),
(201, 'RuneTek'),
(203, 'UE4 - duplicate'),
(204, 'Forest Hale’s Darkplaces engine'),
(205, 'Darkplaces engine'),
(207, 'Genie Engine'),
(208, 'Zero'),
(209, 'Godfather engine'),
(210, 'Visceral Engine'),
(211, 'Dragonfly'),
(212, 'Luminous Studio'),
(213, 'Java'),
(214, 'COBRA'),
(215, 'ASKA'),
(216, 'Real Live'),
(217, 'Lightweight Java Game Library'),
(219, 'NScripter'),
(220, 'Vicious Engine'),
(222, 'True3D'),
(223, 'Beautiful Voxel'),
(224, 'X3 Reality'),
(225, 'Phoenix Engine (Relic)'),
(226, 'X Engine'),
(227, 'GEM'),
(228, 'Prometheus In-Game Engine'),
(229, 'Moai'),
(230, 'Gepard 3D engine'),
(231, 'SigE'),
(232, '0gf3. gine'),
(233, 'Virtual Dream'),
(234, 'TW Engine 3'),
(237, 'The Madness Engine'),
(238, 'Sprint'),
(239, 'Irrlicht'),
(241, 'Dragon Co''s engine'),
(242, 'Super Star Wars'),
(243, 'A-Life'),
(244, 'Vsim'),
(245, 'Europa'),
(246, 'Wolfenstein 3D'),
(247, 'SurRender 3D'),
(248, 'StarLancer Engine'),
(249, 'Forsaken World Engine'),
(250, 'Beelzebub'),
(251, 'Fighter Maker'),
(252, 'ZEN'),
(253, 'Unigine'),
(254, 'AGDS (Advanced Graphic Development System)'),
(255, 'Divinity Engine'),
(256, 'Siglus'),
(257, 'BASIC'),
(258, 'Panta Rhei'),
(259, 'Heroic Driving Engine'),
(260, 'Octane Engine'),
(261, 'Soft Engine'),
(262, 'Alchemy'),
(263, 'Sparta 3D'),
(264, 'Traktor'),
(265, 'isiMotor'),
(266, 'Virtual World Inventor'),
(267, 'rUGP'),
(268, 'c#'),
(269, 'Freescape'),
(270, 'Cinematique'),
(271, 'XNA Game Studio'),
(272, 'KiriKiri'),
(273, 'Shadow Knights'),
(274, 'AbbeyCore'),
(275, 'The Banner Saga Engine'),
(276, 'Klik & Play'),
(278, 'The Sims 2 Engine'),
(281, 'Phoenix VR'),
(282, 'RENA'),
(283, 'Ice-Peak Engine'),
(284, 'Windows Animation Package 32'),
(285, 'Spring'),
(287, 'EAGL'),
(290, 'Gouache Engine'),
(291, 'CANVAS Engine'),
(292, 'VRAGE'),
(293, 'jMonkeyEngine'),
(294, 'Serious Engine 3.5'),
(295, 'GameZ'),
(296, 'Clausewitz Engine'),
(297, 'Crystal Space'),
(298, 'PHP'),
(299, 'MySQL'),
(301, 'CSS'),
(302, 'JavaScript'),
(303, 'AJAX'),
(304, 'Roblox Renduring Engine'),
(305, 'RPG Maker'),
(307, 'Hammerhead'),
(308, 'Cryengine 2'),
(309, 'Phoenix Engine (Wolfire)'),
(311, 'Iron Engine'),
(312, 'Torque 3D'),
(313, 'Beam Next Generation'),
(314, 'Dagor Engine'),
(315, 'FAME Tech'),
(317, 'EDuke 32'),
(318, 'Silk Engine'),
(319, 'Cougar Adventure Engine'),
(320, 'Gamebook Adventures Engine'),
(321, 'Trinity Vision Engine'),
(323, 'pc'),
(324, 'mobile'),
(325, 'Bluepoint Engine'),
(326, 'Quantum3'),
(327, 'Infernal Engine'),
(328, 'Nocturne Engine'),
(329, 'Multimedia Applications Development Environment'),
(331, 'Nitrous'),
(332, 'Atrophy'),
(333, 'Horizon'),
(335, 'Black Hawk engine'),
(336, 'Bomberman Engine'),
(338, 'Z-Engine'),
(339, 'The Eight-Bit Universal Role Playing Engine'),
(342, 'MEGA Engine'),
(343, 'Box2D'),
(344, 'Pygame'),
(345, 'Open Dynamics Engine'),
(346, 'Road Hog Engine'),
(349, 'Orochi'),
(350, 'Taito Type X'),
(351, 'Unreal Engine 3'),
(352, 'Black Sun Engine'),
(353, 'BRender'),
(354, 'RE Engine'),
(355, 'Titanium'),
(356, 'Turbulenz Engine'),
(357, 'Sonic Worlds'),
(358, 'Blitz3D'),
(359, 'BlitzMax'),
(360, 'SKALD'),
(361, 'Top Hat Engine'),
(362, 'Foundation Engine'),
(363, 'Film Window'),
(364, 'Argon'),
(366, 'Stingray Engine'),
(367, 'Photex'),
(368, 'Dx Studio'),
(370, 'Spritekit'),
(371, 'Gideros'),
(372, '3D Game Studio'),
(374, 'SGE Game Engine'),
(375, 'Abyss'),
(376, 'Adventure Maker'),
(377, 'LASSIE engine'),
(378, 'Lassie Shepherd'),
(379, 'Sahara Engine (custom built)'),
(380, 'C++'),
(381, 'Valhalla'),
(382, 'Phaser'),
(383, 'Sparkle Engine'),
(384, 'CharLib'),
(385, 'Adventure Creator'),
(386, 'Whale 2'),
(387, 'Praxis'),
(388, 'download'),
(389, 'Pixi'),
(390, 'Alan Wake engine'),
(392, 1),
(393, 'Sephius Engine'),
(395, 'paprastas'),
(396, 'BattleCore'),
(397, 'Faktum Engine'),
(398, 'Chess Engine: The King'),
(399, 'Qt'),
(401, 'Numbat Engine'),
(403, 'T-REX Sandbox'),
(404, 'Unity 4'),
(405, 'Tease2D'),
(406, 'Kapow Systems 3D'),
(407, 'Flashpunk'),
(408, 'Un'),
(409, 'GameSalad'),
(412, 'Decima'),
(413, 'buildbox'),
(415, 'Internal Piranha Byte''s Engine'),
(416, 'Evolution Engine'),
(417, 'NVLMaker'),
(418, 'Mercury Steam Engine'),
(419, 'Buildbox'),
(420, 'stencyl'),
(421, 'Amazon Lumberyard'),
(422, 'Intelligent Stupidity'),
(423, 'wpf'),
(424, 'Homemade'),
(425, 'lucha'),
(426, 'pyglet'),
(427, 'Asura engine'),
(428, 'Sigma Engine'),
(429, 'AngularJs'),
(431, 'kp'),
(432, 'Phoesion GE'),
(433, 'In House Engine'),
(434, 'Novelty'),
(435, 'Lair Engine'),
(436, 'DreamWorld'),
(437, 'BANG!'),
(438, 'Real Virtuality 3'),
(439, 'Unreal Engine 4'),
(441, 'ChoiceScript'),
(442, 'Shark 3D'),
(443, 'fps creator classic'),
(444, 'Leadwerks'),
(445, 'RV4'),
(446, 'Icarus Platform'),
(447, 'PINA'),
(449, 'Turbine'),
(450, 'Dulst'),
(451, 'Presto Studios'),
(452, 'Saber 3D engine'),
(453, 'Rataj''s Browser Game Engine'),
(454, 'ArenaNet Guild Wars'),
(455, 'Orx'),
(457, 'Spellwrath (Custom Engine)'),
(458, 'K2 Engine'),
(459, 'buidlbox'),
(460, 'Stratagus'),
(461, 'Atari System 2'),
(463, 'super fx'),
(464, 'Visual Studio'),
(465, 'Nvidia PhysX'),
(466, 'GH Engine'),
(467, 'BTZ'),
(469, 'React Native'),
(470, 'GameGuru'),
(471, 'Sega Model 2'),
(472, 'ENIN Engine'),
(473, 'Sketcher Engine'),
(474, 'Brigitte'),
(475, 'Aspyr'),
(476, 'OpenFL'),
(477, 'D3D'),
(478, 'a000ff'),
(479, 'Black Desert Engine'),
(480, 'XIGNCODE3'),
(481, 'Real Virtuality 4'),
(482, 'CryEngine 3'),
(483, 'Intersect'),
(484, 'AZ (Arika Engine)'),
(485, 'The Illusion Engine'),
(486, 'FLEDGE Engine'),
(487, 'Turbine G3'),
(488, 'PC'),
(490, 'Bedrock Engine'),
(491, 'Frostbite 3'),
(492, 'StoryForge'),
(493, 'PixiJS'),
(494, 'Falling Everything Engine'),
(497, 'Hedgehog Engine'),
(498, 'DS2'),
(499, 'NightShade Engine'),
(500, 'Eclipse'),
(501, 'Silverback Engine'),
(502, 'Autodesk Beast'),
(503, 'Simplygon'),
(504, 'Disruptor Engine'),
(505, 'Spenefett'),
(506, 42),
(508, 'Alternativa Engine'),
(509, 'Unity 2017'),
(510, 'Super Mario Bros. X'),
(511, 'Genesis3D'),
(512, 'Taito FX-1'),
(513, 'Firebird Engine'),
(514, 'Orion Engine'),
(515, 'Ronin'),
(516, 'Krome Studios Engine'),
(518, 'Pinball 2000'),
(519, 'Offset Engine'),
(520, 'love2d'),
(521, 'Blukpast (homebrew)'),
(522, 'IRISZOOM'),
(523, 'Orochi 3'),
(524, 'createjs'),
(525, 'SolidEngine'),
(526, 'zandronum'),
(528, 'Glacier 2'),
(529, 'Unity 5'),
(530, 'BackboneJS'),
(531, 'KUBOTA/CATERPILLER'),
(532, 'GameMaker Studio 2'),
(533, 'SCGI'),
(534, 'SCI0'),
(535, 'SCI1'),
(537, 'Veronica Engine'),
(538, 'SuperScroller'),
(539, 'C4 Engine'),
(540, 'War3'),
(541, 'DarkBASIC Pro'),
(542, 'Bright Light Halogen'),
(543, 'A.L.I.V.E.'),
(544, 'NoviceX'),
(545, 'Duplicate 669'),
(546, 'AGS'),
(547, 'TW Engine 1'),
(548, 'TW Engine 2'),
(549, 'Spartan: Total Warrior Engine'),
(550, 'Flash CS6'),
(552, 'Invictus SCX'),
(553, '"Custom Engine ""VantEdit"""'),
(554, 'Wolfenstein 3D Engine'),
(555, 'Distortion Tools'),
(557, 'Source 2'),
(559, 'GameSparks'),
(560, '4EVOLVE: Traxor Engine'),
(561, 'Doom Legacy'),
(562, 'AtomicEngine'),
(563, 'Ripp3d'),
(564, 'DarkEngine'),
(566, 'web gl'),
(567, 'Insomniac Engine v.4.0'),
(568, 'DoomRPG'),
(569, 'Wolfenstein RPG'),
(570, 'Visual Novel Maker'),
(571, 'broww'),
(572, 'GlyphX'),
(574, 'Apex'),
(576, 'Slipspace Engine'),
(578, 'Liquid Engine'),
(580, 'AEGIS'),
(581, 'Granny 3D'),
(583, 'OWI Core'),
(584, 'PTK Toolkit'),
(585, 'VERGE'),
(586, 'Spiller'),
(587, 'EGO Engine 4.0'),
(589, 'Macromedia Director'),
(591, 'SceneKit'),
(592, 'SRPG Studio'),
(593, 'Allegro'),
(594, 'flash'),
(595, 'FNA'),
(596, 'FAudio'),
(597, 'Mario Builder'),
(598, 'Sega System 16'),
(599, 'Geo-Mod 2.0'),
(600, 'WangReal Engine'),
(601, 'Unity 2018'),
(602, 'StageMechanic'),
(604, 12),
(605, 'Panda3D'),
(606, 'OpenMW'),
(608, 'Symbian'),
(609, 'Pie in the Sky'),
(610, 'Heaps.io'),
(612, 'Quicksilver X'),
(613, 'Hiber'),
(614, 'Tyranobuilder Visual Novel Studio'),
(615, 'Sensible Soccer'),
(617, 'Yuna Engine'),
(681, 'KT Engine'),
(686, 'LSSDK'),
(695, 'KEX'),
(741, 'Spark Casual Engine');

INSERT INTO game VALUES
(111130, 'Apsulov: End of Gods', NULL, 1565222400),
(38967, 'Cooking Simulator', NULL, 1559779200),
(102584, 'Dying Light 2', NULL, 1593475200),
(114286, 'Madden NFL 20', 75.5, 1564704000),
(55984, 'Blacksad: Under the Skin', NULL, 1572912000),
(96217, 'Eternity: The Last Unicorn', 54.0, 1551744000),
(19561, 'Days Gone', 75.0909090909091, 1556236800),
(105049, 'Remnant: From the Ashes', 77.0, 1566259200),
(54842, 'Biomutant', NULL, 1577750400),
(36198, 'Children of Morta', 79.0, 1567468800),
(13196, 'Tears of Avia', NULL, 1577750400),
(106987, 'Torchlight Frontiers', NULL, 1577750400),
(115653, 'Pokémon Shield', NULL, 1573776000),
(106992, 'A Fisherman''s Tale', NULL, 1548115200),
(55029, 'Age of Empires IV', NULL, 1577750400),
(119156, 'Pokémon Masters', 0.0, 1567036800),
(113114, 'The Outer Worlds', 91.1666666666667, 1571961600),
(55199, 'Dragon: Marked for Death', 67.0, 1548892800),
(78511, 'Forza Motorsport 8', NULL, 1609372800),
(107318, 'Rebel Galaxy Outlaw', 76.0, 1565654400),
(103301, 'Wolfenstein: Youngblood', 71.25, 1564099200),
(120268, 'Zombie Driver: Immortal Edition', NULL, 1564012800),
(19164, 'Borderlands 3', 81.8461538461538, 1568332800),
(103303, 'The Elder Scrolls: Blades', NULL, 1553731200),
(26845, 'Fire Emblem: Three Houses', 92.7777777777778, 1564099200),
(44242, 'Junkyard Simulator', NULL, 1577750400),
(114287, 'FIFA 20', 78.8571428571429, 1569542400),
(55190, 'Pikuniku', 74.8, 1548288000),
(10032, 'Ancestors: The Humankind Odyssey', 65.0, 1566864000),
(114455, 'Pacify', NULL, 1550793600);

INSERT INTO company VALUES
(634, 'Devolver Digital', 840, NULL),
(6191, 'Double Damage Games', 840, NULL),
(10002, 'Shawn Hitchcock', NULL, NULL),
(10019, 'SIE Bend Studio', 840, NULL),
(4780, 'Exor Studios', 616, 1185926400),
(12978, 'Void Studios', NULL, NULL),
(196, 'Relic Entertainment', 124, 883526400),
(14035, 'Private Division', 840, 1513209600),
(18466, 'Sectordub', 826, NULL),
(16148, 'Echtra Games', 840, 1483142400),
(7010, 'CooCooSqueaky', NULL, NULL),
(1617, 'Game Freak', 392, 609552000),
(16191, 'Innerspace VR', NULL, NULL),
(1074, 'The Pokémon Company', 392, 915062400),
(13311, 'Experiment 101', 752, 1451520000),
(4096, 'Vertigo Games', NULL, NULL),
(5370, 'Panache Digital Games', 124, NULL),
(4148, 'EA Romania', NULL, NULL),
(3209, 'Pendulo Studios', NULL, NULL),
(4133, '11 bit studios', 616, 1191715200),
(13327, 'Techland Publishing', NULL, NULL),
(10564, 'DeNA', NULL, NULL),
(15802, 'Ys Interactive', NULL, NULL),
(9005, 'PlayWay S.A.', 616, 1325289600),
(15489, 'Rebelia Games', 616, NULL),
(14078, 'Angry Demon Studio', 752, NULL),
(17966, 'Xbox Game Studios', NULL, 1549324800),
(1718, 'Dead Mage', 840, NULL),
(8028, 'SKH Apps', NULL, NULL),
(277, 'EA Canada', 124, 410313600),
(765, 'Intelligent Systems Co., Ltd.', 392, 536371200),
(1, 'Electronic Arts', 840, 391392000),
(1242, 'MachineGames', 752, 1262217600),
(10809, 'Gunfire Games', 840, 1419984000),
(555, 'EA Tiburon', 840, 788832000),
(8696, 'Wastelands Interactive', 616, 1167523200),
(16565, 'Bethesda Softworks', NULL, NULL),
(148, 'Gearbox Software', 840, 919123200),
(917, 'Perfect World Entertainment', 840, 1230681600),
(1022, 'Turn 10 Studios', 840, 1009756800),
(47, 'Obsidian Entertainment', 840, 1072828800),
(10100, 'Sony Interactive Entertainment', 392, 753408000),
(126, 'Bethesda Game Studios', 840, 1009756800),
(5283, 'Microids', 250, NULL),
(108, 'Techland', 616, 694137600),
(8, '2K Games', 840, 1106611200),
(2344, 'Inti Creates', 392, 831513600),
(1010, 'Microsoft Studios', NULL, 1325289600),
(157, '1C Company', 643, 670377600),
(70, 'Nintendo', 392, -1681171200),
(28, 'Bethesda Softworks LLC', 840, 536371200),
(10075, 'THQ Nordic', 40, 1470960000);

INSERT INTO platform VALUES
(156, 'Thomson MO5', NULL, 'computer', NULL),
(160, 'Nintendo eShop', NULL, 'platform', NULL),
(74, 'Windows Phone', 'Win Phone', 'operating_system', NULL),
(123, 'WonderSwan Color', NULL, 'portable_console', 5),
(163, 'SteamVR', 'Steam VR', NULL, NULL),
(44, 'Tapwave Zodiac', 'zod', 'portable_console', NULL),
(169, 'Xbox Project Scarlett', NULL, 'console', NULL),
(68, 'ColecoVision', 'colecovision', 'console', 2),
(3, 'Linux', 'Linux', 'operating_system', NULL),
(6, 'PC (Microsoft Windows)', 'PC', 'operating_system', NULL),
(7, 'PlayStation', 'PS1', 'console', 5),
(8, 'PlayStation 2', 'PS2', 'console', 6),
(9, 'PlayStation 3', 'PS3', 'console', 7),
(19, 'Super Nintendo Entertainment System (SNES)', 'SNES', 'console', 4),
(25, 'Amstrad CPC', 'ACPC', 'computer', NULL),
(27, 'MSX', 'MSX', 'computer', NULL),
(39, 'iOS', 'iOS', 'operating_system', NULL),
(75, 'Apple II', 'Apple][', 'computer', NULL),
(80, 'Neo Geo AES', 'neogeoaes', 'console', 4),
(94, 'Commodore Plus/4', 'C+4', 'computer', NULL),
(96, 'PDP-10', 'pdp10', 'computer', NULL),
(129, 'Texas Instruments TI-99', 'ti-99', 'computer', NULL),
(133, 'Philips Videopac G7000', NULL, 'computer', NULL),
(134, 'Acorn Electron', NULL, 'computer', NULL),
(170, 'Google Stadia', 'Stadia', 'console', NULL),
(203, 'Stadia', NULL, NULL, NULL),
(51, 'Family Computer Disk System', 'fds', 'console', 3),
(120, 'Neo Geo Pocket Color', NULL, 'portable_console', 5),
(165, 'PlayStation VR', 'PlayStation VR', NULL, NULL),
(67, 'Intellivision', 'intellivision', 'console', 2),
(136, 'Neo Geo CD', NULL, 'console', 4),
(71, 'Commodore VIC-20', 'vic-20', 'computer', NULL),
(142, 'PC-50X Family', NULL, 'console', 1),
(144, 'AY-3-8710', NULL, 'console', NULL),
(146, 'AY-3-8605', NULL, 'console', NULL),
(88, 'Odyssey', 'odyssey', 'console', 1),
(90, 'Commodore PET', 'cpet', 'computer', NULL),
(147, 'AY-3-8606', NULL, 'console', NULL),
(91, 'Bally Astrocade', 'astrocade', NULL, NULL),
(11, 'Xbox', 'XBOX', 'console', 6),
(12, 'Xbox 360', 'X360', 'console', 7),
(164, 'Daydream', NULL, NULL, NULL),
(48, 'PlayStation 4', 'PS4', 'console', 8),
(97, 'PDP-8', 'pdp-8', 'computer', NULL),
(115, 'Apple IIGS', NULL, 'computer', NULL),
(118, 'FM Towns', NULL, 'computer', NULL),
(126, 'TRS-80', NULL, 'computer', NULL),
(128, 'PC Engine SuperGrafx', 'supergrafx', 'computer', NULL),
(135, 'Hyper Neo Geo 64', NULL, 'arcade', NULL),
(98, 'DEC GT40', 'gt40', NULL, NULL),
(105, 'HP 3000', 'hp3000', 'computer', NULL),
(4, 'Nintendo 64', 'N64', 'console', 5),
(36, 'Xbox Live Arcade', 'xla', 'platform', NULL),
(45, 'PlayStation Network', 'psn', 'platform', NULL),
(46, 'PlayStation Vita', 'Vita', 'portable_console', 8),
(47, 'Virtual Console (Nintendo)', 'VC', 'platform', NULL),
(53, 'MSX2', 'MSX2', 'computer', NULL),
(56, 'WiiWare', 'WiiWare', NULL, NULL),
(57, 'WonderSwan', 'WonderSwan', 'portable_console', 5),
(60, 'Atari 7800', 'Atari7800', 'console', 3),
(62, 'Atari Jaguar', 'Jaguar', 'console', 5),
(65, 'Atari 8-bit', 'Atari8bit', 'computer', NULL),
(66, 'Atari 5200', 'Atari5200', 'console', 2),
(124, 'SwanCrystal', NULL, 'portable_console', NULL),
(127, 'Fairchild Channel F', NULL, 'console', 2),
(131, 'Nintendo PlayStation', NULL, 'computer', NULL),
(148, 'AY-3-8607', NULL, 'console', NULL),
(149, 'PC-98', NULL, 'computer', NULL),
(14, 'Mac', 'Mac', 'operating_system', NULL),
(158, 'Commodore CDTV', NULL, 'computer', NULL),
(15, 'Commodore C64/128', 'C64', 'computer', NULL),
(34, 'Android', 'Android', 'operating_system', NULL),
(35, 'Sega Game Gear', 'Game Gear', 'portable_console', 4),
(87, 'Virtual Boy', 'virtualboy', 'console', 5),
(92, 'SteamOS', 'steam', 'operating_system', NULL),
(159, 'Nintendo DSi', NULL, 'portable_console', 7),
(50, '3DO Interactive Multiplayer', '3DO', 'console', 5),
(119, 'Neo Geo Pocket', NULL, 'portable_console', 5),
(52, 'Arcade', 'Arcade', NULL, NULL),
(55, 'Mobile', 'Mobile', NULL, NULL),
(58, 'Super Famicom', 'SFAM', 'console', 4),
(5, 'Wii', 'Wii', 'console', 7),
(69, 'BBC Microcomputer System', 'bbcmicro', 'computer', NULL),
(70, 'Vectrex', 'vectrex', 'console', 2),
(89, 'Microvision', 'microvision', 'portable_console', 2),
(95, 'PDP-1', 'pdp1', 'computer', NULL),
(108, 'PDP-11', 'pdp11', 'computer', NULL),
(112, 'Microcomputer', 'microcomputer', NULL, NULL),
(22, 'Game Boy Color', 'GBC', 'portable_console', 5),
(23, 'Dreamcast', 'DC', 'console', 6),
(26, 'ZX Spectrum', 'ZXS', 'computer', NULL),
(33, 'Game Boy', 'Game Boy', 'portable_console', 4),
(13, 'PC DOS', 'DOS', 'operating_system', NULL),
(38, 'PlayStation Portable', 'PSP', 'portable_console', 7),
(24, 'Game Boy Advance', 'GBA', 'portable_console', 6),
(41, 'Wii U', 'WiiU', 'console', 8),
(42, 'N-Gage', 'NGage', 'portable_console', 6),
(125, 'PC-8801', NULL, 'computer', NULL),
(138, 'VC 4000', NULL, 'console', 2),
(150, 'Turbografx-16/PC Engine CD', NULL, 'computer', NULL),
(155, 'Tatung Einstein', NULL, 'computer', NULL),
(166, 'Pokémon mini', NULL, 'portable_console', NULL),
(30, 'Sega 32X', 'Sega32', 'console', 4),
(137, 'New Nintendo 3DS', NULL, 'portable_console', 8),
(37, 'Nintendo 3DS', '3DS', 'portable_console', 8),
(84, 'SG-1000', 'sg1000', 'console', 3),
(130, 'Nintendo Switch', 'Switch', 'console', 8),
(85, 'Donner Model 30', 'donner30', 'computer', NULL),
(132, 'Amazon Fire TV', NULL, 'platform', NULL),
(139, '1292 Advanced Programmable Video System', NULL, 'console', 2),
(140, 'AY-3-8500', NULL, 'computer', NULL),
(152, 'FM-7', NULL, 'computer', NULL),
(153, 'Dragon 32/64', NULL, 'computer', NULL),
(154, 'Amstrad PCW', NULL, 'computer', NULL),
(101, 'Ferranti Nimrod Computer', 'nimrod', 'computer', NULL),
(161, 'Windows Mixed Reality', NULL, NULL, NULL),
(106, 'SDS Sigma 7', 'sdssigma7', 'computer', NULL),
(109, 'CDC Cyber 70', 'cdccyber70', 'computer', NULL),
(143, 'AY-3-8760', NULL, 'console', NULL),
(49, 'Xbox One', 'XONE', 'console', 8),
(78, 'Sega CD', 'segacd', 'console', 4),
(16, 'Amiga', 'Amiga', 'computer', NULL),
(82, 'Web browser', 'browser', 'platform', NULL),
(114, 'Amiga CD32', NULL, 'console', NULL),
(116, 'Acorn Archimedes', NULL, 'computer', NULL),
(29, 'Sega Mega Drive/Genesis', 'Genesis', 'console', 4),
(145, 'AY-3-8603', NULL, 'console', NULL),
(151, 'TRS-80 Color Computer', NULL, 'computer', NULL),
(167, 'PlayStation 5', NULL, 'console', NULL),
(122, 'Nuon', NULL, 'console', NULL),
(77, 'Sharp X1', 'x1', 'computer', NULL),
(79, 'Neo Geo MVS', 'neogeomvs', 'arcade', NULL),
(93, 'Commodore 16', 'C16', 'computer', NULL),
(99, 'Family Computer (FAMICOM)', 'famicom', 'console', 3),
(100, 'Analogue electronics', 'analogueelectronics', NULL, NULL),
(102, 'EDSAC', 'edsac', 'computer', NULL),
(103, 'PDP-7', 'pdp-7', NULL, NULL),
(104, 'HP 2100', 'hp2100', 'computer', NULL),
(107, 'Call-A-Computer time-shared mainframe computer system', 'call-a-computer', 'computer', NULL),
(110, 'PLATO', 'plato', 'computer', NULL),
(18, 'Nintendo Entertainment System (NES)', 'NES', 'console', 3),
(32, 'Sega Saturn', 'Saturn', 'console', 5),
(59, 'Atari 2600', 'Atari2600', 'console', 2),
(64, 'Sega Master System', 'SMS', 'console', 3),
(72, 'Ouya', 'Ouya', 'console', 8),
(113, 'OnLive Game System', NULL, 'platform', NULL),
(117, 'Philips CD-i', NULL, 'console', NULL),
(121, 'Sharp X68000', NULL, 'computer', NULL),
(141, 'AY-3-8610', NULL, 'computer', NULL),
(157, 'NEC PC-6000 Series', NULL, 'computer', NULL),
(162, 'Oculus VR', 'Oculus VR', NULL, NULL),
(21, 'Nintendo GameCube', 'NGC', 'console', 6),
(20, 'Nintendo DS', 'NDS', 'portable_console', 7),
(61, 'Atari Lynx', 'Lynx', 'portable_console', 4),
(63, 'Atari ST/STE', 'Atari-ST', 'computer', NULL),
(73, 'BlackBerry OS', 'blackberry', 'operating_system', NULL),
(86, 'TurboGrafx-16/PC Engine', 'turbografx16', 'console', 4),
(111, 'Imlac PDS-1', 'imlac-pds1', NULL, NULL);

INSERT INTO game_mode VALUES
('Single player', 111130),
('Single player', 38967),
('Single player', 102584),
('Co-operative', 102584),
('Single player', 114286),
('Single player', 55984),
('Single player', 96217),
('Single player', 19561),
('Single player', 105049),
('Co-operative', 105049),
('Single player', 54842),
('Single player', 36198),
('Co-operative', 36198),
('Single player', 13196),
('Single player', 106987),
('Massively Multiplayer Online (MMO)', 106987),
('Single player', 115653),
('Multiplayer', 115653),
('Single player', 106992),
('Single player', 55029),
('Multiplayer', 55029),
('Single player', 113114),
('Single player', 55199),
('Co-operative', 55199),
('Single player', 78511),
('Multiplayer', 78511),
('Single player', 107318),
('Single player', 103301),
('Multiplayer', 103301),
('Co-operative', 103301),
('Multiplayer', 120268),
('Single player', 19164),
('Multiplayer', 19164),
('Single player', 103303),
('Single player', 26845),
('Single player', 44242),
('Single player', 55190),
('Co-operative', 55190),
('Single player', 10032),
('Single player', 114455),
('Multiplayer', 114455),
('Co-operative', 114455);

INSERT INTO game_engine VALUES
(439, 19561),
(439, 105049),
(439, 54842),
(13, 13196),
(173, 107318),
(439, 19164),
(439, 114455);

INSERT INTO published VALUES
(55190, 634),
(120268, 4780),
(10032, 14035),
(113114, 14035),
(115653, 1074),
(119156, 1074),
(106992, 4096),
(36198, 4133),
(102584, 13327),
(38967, 9005),
(44242, 9005),
(111130, 14078),
(55029, 17966),
(114455, 8028),
(114286, 1),
(114287, 1),
(103303, 16565),
(105049, 917),
(106987, 917),
(19561, 10100),
(103303, 126),
(55984, 5283),
(19164, 8),
(55199, 2344),
(78511, 1010),
(96217, 157),
(26845, 70),
(103301, 28),
(54842, 10075);

INSERT INTO developed VALUES
(107318, 6191),
(114455, 10002),
(19561, 10019),
(120268, 4780),
(96217, 12978),
(55029, 196),
(55190, 18466),
(106987, 16148),
(13196, 7010),
(115653, 1617),
(106992, 16191),
(54842, 13311),
(10032, 5370),
(114287, 4148),
(55984, 3209),
(119156, 10564),
(55984, 15802),
(44242, 15489),
(111130, 14078),
(36198, 1718),
(114455, 8028),
(114287, 277),
(26845, 765),
(103301, 1242),
(105049, 10809),
(114286, 555),
(38967, 8696),
(19164, 148),
(78511, 1022),
(113114, 47),
(103303, 126),
(102584, 108),
(55199, 2344);

INSERT INTO engine_platforms VALUES
(6, 2),
(9, 2),
(12, 2),
(48, 2),
(49, 2),
(3, 3),
(6, 3),
(9, 3),
(11, 3),
(12, 3),
(14, 3),
(34, 3),
(3, 4),
(6, 4),
(8, 4),
(11, 4),
(14, 4),
(23, 4),
(3, 6),
(5, 6),
(6, 6),
(8, 6),
(9, 6),
(11, 6),
(12, 6),
(14, 6),
(39, 6),
(6, 7),
(9, 7),
(12, 7),
(6, 9),
(9, 9),
(12, 9),
(41, 9),
(46, 9),
(6, 10),
(9, 10),
(12, 10),
(41, 10),
(46, 10),
(48, 10),
(49, 10),
(3, 13),
(5, 13),
(6, 13),
(9, 13),
(12, 13),
(14, 13),
(34, 13),
(39, 13),
(41, 13),
(46, 13),
(48, 13),
(49, 13),
(74, 13),
(82, 13),
(3, 18),
(6, 18),
(9, 18),
(12, 18),
(14, 18),
(48, 18),
(49, 18),
(6, 21),
(14, 21),
(6, 24),
(12, 24),
(14, 24),
(48, 24),
(49, 24),
(3, 25),
(6, 25),
(9, 25),
(12, 25),
(34, 25),
(39, 25),
(41, 25),
(48, 25),
(49, 25),
(5, 26),
(6, 26),
(9, 26),
(12, 26),
(48, 26),
(49, 26),
(6, 27),
(8, 27),
(9, 27),
(11, 27),
(12, 27),
(21, 27),
(38, 27),
(6, 28),
(14, 28),
(6, 29),
(9, 29),
(12, 29),
(48, 29),
(49, 29),
(3, 42),
(6, 42),
(9, 42),
(12, 42),
(14, 42),
(46, 42),
(48, 42),
(49, 42),
(6, 43),
(6, 47),
(9, 47),
(12, 47),
(14, 47),
(48, 47),
(49, 47),
(3, 48),
(6, 48),
(9, 48),
(11, 48),
(12, 48),
(14, 48),
(6, 53),
(13, 53),
(14, 53),
(15, 53),
(16, 53),
(18, 53),
(50, 53),
(63, 53),
(75, 53),
(78, 53),
(86, 53),
(6, 55),
(9, 55),
(12, 55),
(34, 55),
(39, 55),
(48, 55),
(49, 55),
(3, 56),
(6, 56),
(8, 56),
(11, 56),
(14, 56),
(23, 56),
(6, 58),
(48, 58),
(49, 58),
(3, 62),
(6, 62),
(14, 62),
(82, 64),
(6, 68),
(3, 69),
(6, 69),
(13, 69),
(14, 69),
(6, 72),
(11, 72),
(14, 72),
(6, 74),
(6, 75),
(9, 75),
(12, 75),
(5, 76),
(6, 76),
(8, 76),
(9, 76),
(11, 76),
(12, 76),
(21, 76),
(38, 76),
(6, 78),
(9, 78),
(12, 78),
(48, 78),
(49, 78),
(3, 79),
(6, 79),
(9, 79),
(14, 79),
(34, 79),
(39, 79),
(46, 79),
(48, 79),
(49, 79),
(74, 79),
(3, 89),
(5, 89),
(6, 89),
(9, 89),
(12, 89),
(34, 89),
(48, 89),
(49, 89),
(6, 95),
(9, 95),
(12, 95),
(48, 95),
(49, 95),
(3, 97),
(4, 97),
(6, 97),
(7, 97),
(14, 97),
(6, 99),
(9, 99),
(12, 99),
(6, 102),
(8, 102),
(11, 102),
(3, 104),
(6, 104),
(14, 104),
(34, 104),
(39, 104),
(46, 104),
(48, 104),
(49, 104),
(130, 104),
(6, 115),
(6, 118),
(9, 118),
(12, 118),
(48, 118),
(49, 118),
(6, 121),
(11, 121),
(14, 121),
(5, 123),
(6, 123),
(9, 123),
(12, 123),
(14, 123),
(41, 123),
(48, 123),
(49, 123),
(8, 126),
(6, 134),
(6, 138),
(13, 138),
(6, 139),
(3, 144),
(6, 144),
(7, 144),
(8, 144),
(13, 144),
(14, 144),
(16, 144),
(6, 145),
(8, 145),
(14, 145),
(6, 147),
(9, 147),
(12, 147),
(38, 147),
(41, 147),
(5, 153),
(6, 153),
(9, 153),
(12, 153),
(20, 153),
(37, 153),
(6, 154),
(6, 155),
(7, 155),
(13, 155),
(14, 155),
(50, 155),
(78, 155),
(3, 173),
(6, 173),
(9, 173),
(12, 173),
(14, 173),
(34, 173),
(39, 173),
(74, 173),
(6, 186),
(48, 186),
(49, 186),
(6, 200),
(9, 200),
(12, 200),
(14, 200),
(48, 200),
(49, 200),
(6, 225),
(9, 225),
(12, 225),
(6, 256),
(6, 267),
(9, 267),
(12, 267),
(3, 274),
(6, 274),
(14, 274),
(6, 282),
(5, 287),
(6, 287),
(8, 287),
(9, 287),
(11, 287),
(12, 287),
(21, 287),
(32, 291),
(3, 312),
(6, 312),
(14, 312),
(82, 312),
(6, 318),
(9, 318),
(12, 318),
(48, 318),
(49, 318),
(3, 374),
(6, 374),
(14, 374),
(3, 404),
(5, 404),
(6, 404),
(9, 404),
(12, 404),
(14, 404),
(34, 404),
(37, 404),
(39, 404),
(41, 404),
(46, 404),
(48, 404),
(49, 404),
(74, 404),
(137, 404),
(48, 412),
(6, 421),
(34, 421),
(39, 421),
(48, 421),
(49, 421),
(6, 444),
(82, 453),
(6, 479),
(6, 480),
(6, 481),
(6, 491),
(6, 492),
(48, 492),
(49, 492),
(6, 498),
(3, 509),
(6, 509),
(14, 509),
(34, 509),
(37, 509),
(39, 509),
(46, 509),
(48, 509),
(49, 509),
(74, 509),
(82, 509),
(130, 509),
(137, 509),
(162, 509),
(163, 509),
(165, 509),
(6, 542),
(6, 543),
(7, 543),
(6, 557),
(14, 557),
(34, 557),
(39, 557),
(6, 560),
(6, 574),
(48, 574),
(49, 574),
(3, 593),
(6, 593),
(14, 593),
(34, 593),
(39, 593),
(3, 601),
(6, 601),
(14, 601),
(37, 601),
(46, 601),
(48, 601),
(49, 601),
(74, 601),
(82, 601),
(130, 601),
(137, 601),
(162, 601),
(163, 601),
(165, 601),
(6, 681),
(48, 681),
(49, 681),
(130, 681),
(6, 686),
(48, 686),
(165, 686),
(3, 695),
(6, 695),
(14, 695),
(49, 695),
(130, 695),
(6, 741),
(14, 741),
(34, 741);

INSERT INTO release_dates VALUES
(14, 114455, 1550793600, 'TBD'),
(6, 114455, 1550793600, 'TBD'),
(130, 26845, 1564099200, 'TBD'),
(6, 96217, 1551744000, 'TBD'),
(48, 96217, 1551744000, 'TBD'),
(130, 103301, 1564099200, 'TBD'),
(6, 55029, 1577750400, 'YYYYQ3'),
(48, 103301, 1564099200, 'TBD'),
(49, 103301, 1564099200, 'TBD'),
(6, 103301, 1564099200, 'TBD'),
(6, 105049, 1566259200, 'TBD'),
(48, 105049, 1566259200, 'TBD'),
(49, 19164, 1568332800, 'TBD'),
(49, 105049, 1566259200, 'TBD'),
(6, 19164, 1568332800, 'TBD'),
(48, 19164, 1568332800, 'TBD'),
(49, 96217, 1555372800, 'TBD'),
(39, 103303, 1553731200, 'TBD'),
(34, 103303, 1553731200, 'TBD'),
(6, 106987, 1577750400, 'YYYYMMMM'),
(130, 55984, 1574899200, 'TBD'),
(14, 55984, 1572912000, 'TBD'),
(48, 55984, 1572912000, 'TBD'),
(49, 55984, 1572912000, 'TBD'),
(6, 55984, 1572912000, 'TBD'),
(6, 55190, 1548288000, 'TBD'),
(130, 55190, 1548288000, 'TBD'),
(49, 103303, NULL, 'YYYYQ4'),
(6, 114286, 1564704000, 'TBD'),
(49, 114286, 1564704000, 'TBD'),
(48, 114286, 1564704000, 'TBD'),
(130, 115653, 1573776000, 'TBD'),
(6, 10032, 1598486400, 'TBD'),
(48, 10032, 1609372800, 'YYYYMMMM'),
(49, 10032, 1609372800, 'YYYYMMMM'),
(49, 78511, 1609372800, 'YYYYQ3'),
(6, 78511, 1609372800, 'YYYYQ3'),
(6, 114287, 1569542400, 'TBD'),
(49, 114287, 1569542400, 'TBD'),
(6, 102584, 1593475200, 'YYYYQ1'),
(48, 102584, 1593475200, 'YYYYQ1'),
(49, 102584, 1593475200, 'YYYYQ1'),
(48, 113114, 1571961600, 'TBD'),
(49, 113114, 1571961600, 'TBD'),
(6, 113114, 1571961600, 'TBD'),
(6, 38967, 1559779200, 'TBD'),
(130, 120268, 1564012800, 'TBD'),
(49, 54842, 1577750400, 'YYYYMMMM'),
(130, 103303, 1577750400, 'YYYYMMMM'),
(49, 106987, 1577750400, 'YYYYMMMM'),
(34, 119156, 1567036800, 'TBD'),
(39, 119156, 1567036800, 'TBD'),
(48, 107318, 1577750400, 'YYYYQ3'),
(130, 107318, 1577750400, 'YYYYQ3'),
(49, 13196, 1577750400, 'TBD'),
(6, 13196, 1577750400, 'TBD'),
(14, 13196, 1577750400, 'TBD'),
(6, 111130, 1565222400, 'TBD'),
(130, 113114, NULL, 'YYYYQ4'),
(48, 36198, 1571097600, 'TBD'),
(6, 36198, 1567468800, 'TBD'),
(49, 36198, 1571097600, 'TBD'),
(14, 36198, 1567468800, 'TBD'),
(130, 36198, 1571097600, 'TBD'),
(6, 107318, 1565654400, 'TBD'),
(170, 19164, 1568332800, 'TBD'),
(170, 103301, NULL, 'YYYYQ4'),
(6, 44242, 1577750400, 'YYYYMMMM'),
(48, 19561, 1556236800, 'TBD'),
(6, 103303, NULL, 'YYYYQ4'),
(48, 103303, NULL, 'YYYYQ4'),
(130, 55199, 1548892800, 'TBD'),
(165, 106992, 1548115200, 'TBD'),
(163, 106992, 1548115200, 'TBD'),
(162, 106992, 1548115200, 'TBD'),
(162, 103303, NULL, 'YYYYQ4'),
(48, 106987, 1577750400, 'YYYYMMMM'),
(6, 54842, 1577750400, 'YYYYMMMM'),
(48, 54842, 1577750400, 'YYYYMMMM');

INSERT INTO game_genre VALUES
('Adventure', 111130),
('Indie', 111130),
('Simulator', 38967),
('Indie', 38967),
('Role-playing (RPG)', 102584),
('Adventure', 102584),
('Sport', 114286),
('Adventure', 55984),
('Role-playing (RPG)', 96217),
('Adventure', 96217),
('Indie', 96217),
('Shooter', 19561),
('Adventure', 19561),
('Shooter', 105049),
('Role-playing (RPG)', 105049),
('Adventure', 105049),
('Role-playing (RPG)', 54842),
('Adventure', 54842),
('Role-playing (RPG)', 36198),
('Adventure', 36198),
('Indie', 36198),
('Role-playing (RPG)', 13196),
('Strategy', 13196),
('Turn-based strategy (TBS)', 13196),
('Tactical', 13196),
('Role-playing (RPG)', 106987),
('Adventure', 106987),
('Role-playing (RPG)', 115653),
('Adventure', 115653),
('Puzzle', 106992),
('Adventure', 106992),
('Indie', 106992),
('Real Time Strategy (RTS)', 55029),
('Strategy', 55029),
('Strategy', 119156),
('Shooter', 113114),
('Role-playing (RPG)', 113114),
('Role-playing (RPG)', 55199),
('Adventure', 55199),
('Racing', 78511),
('Shooter', 107318),
('Simulator', 107318),
('Adventure', 107318),
('Shooter', 103301),
('Racing', 120268),
('Arcade', 120268),
('Shooter', 19164),
('Role-playing (RPG)', 103303),
('Role-playing (RPG)', 26845),
('Turn-based strategy (TBS)', 26845),
('Tactical', 26845),
('Adventure', 26845),
('Simulator', 44242),
('Sport', 114287),
('Platform', 55190),
('Puzzle', 55190),
('Adventure', 55190),
('Indie', 55190),
('Role-playing (RPG)', 10032),
('Adventure', 10032),
('Indie', 10032),
('Strategy', 114455),
('Adventure', 114455),
('Indie', 114455);

